SampleIndex,Timestamp,Ax,Ay,Az,Gx,Gy,Gz,RMS,Pitch,Roll,StepCount
1,1768267368,258,6,8192,108,86,-24,134.73,0.09,-2.04,1
2,1768267368,242,-24,8050,104,83,-25,134.73,0.07,-2.0,1
3,1768267368,288,-62,7886,98,79,-26,139.27,0.0,-2.03,1
4,1768267368,244,-18,7894,100,80,-28,139.27,0.0,-2.0,1
5,1768267368,254,-4,8016,98,74,-25,139.27,0.01,-1.98,1
6,1768267368,272,24,8064,110,85,-29,139.27,0.06,-1.99,1
7,1768267368,292,16,8100,98,79,-26,139.27,0.1,-2.02,1
8,1768267368,274,24,8022,106,79,-26,139.27,0.14,-2.03,1
9,1768267368,292,-20,7956,93,77,-23,139.27,0.1,-2.06,1
10,1768267368,248,8,7954,99,80,-27,139.27,0.12,-2.02,1
11,1768267368,258,4,8032,98,79,-30,139.27,0.12,-2.01,1
12,1768267368,246,30,8110,108,84,-29,139.27,0.17,-1.97,1
13,1768267368,276,8,8030,103,78,-24,139.27,0.17,-1.99,1
14,1768267368,284,24,7982,104,84,-27,139.27,0.19,-2.02,1
15,1768267368,280,-54,7960,88,78,-24,139.27,0.1,-2.04,1
16,1768267368,272,-20,7934,97,81,-28,139.27,0.07,-2.04,1
17,1768267368,286,-24,8040,95,77,-26,139.27,0.05,-2.06,1
18,1768267368,286,10,8064,101,81,-26,139.27,0.07,-2.07,1
19,1768267368,308,-16,8038,101,80,-25,139.27,0.06,-2.11,1
20,1768267368,268,2,7972,101,82,-28,139.27,0.07,-2.1,1
21,1768267369,236,-18,7986,101,79,-25,139.27,0.06,-2.03,1
22,1768267369,314,-14,7950,103,76,-31,139.27,0.05,-2.1,1
23,1768267369,262,6,8020,98,88,-24,139.27,0.07,-2.07,1
24,1768267369,288,-44,8060,100,77,-21,139.27,0.02,-2.08,1
25,1768267369,250,4,7986,100,79,-22,139.27,0.04,-2.04,1
26,1768267369,248,-30,7970,97,82,-29,139.27,0.01,-2.01,1
27,1768267369,252,2,7984,94,82,-22,139.27,0.04,-1.99,1
28,1768267369,308,-22,7982,101,78,-26,144.76,0.02,-2.05,1
29,1768267369,254,0,7984,101,87,-29,144.76,0.04,-2.03,1
30,1768267369,286,4,8014,91,82,-26,144.76,0.06,-2.05,1
31,1768267369,272,-6,8018,100,81,-28,144.76,0.06,-2.05,1
32,1768267369,312,2,7982,102,82,-25,144.76,0.08,-2.1,1
33,1768267369,332,52,7956,100,84,-22,144.76,0.16,-2.18,1
34,1768267369,314,-16,8006,95,82,-29,144.76,0.13,-2.21,1
35,1768267369,292,28,8032,103,81,-24,144.76,0.17,-2.21,1
36,1768267369,266,-10,7990,101,75,-25,144.76,0.14,-2.16,1
37,1768267369,266,8,7986,93,85,-25,144.76,0.15,-2.13,1
38,1768267369,262,-10,8024,100,81,-30,144.76,0.13,-2.1,1
39,1768267369,256,10,7926,101,79,-31,144.76,0.14,-2.07,1
40,1768267369,248,-12,7992,101,80,-28,144.76,0.12,-2.03,1
41,1768267369,282,16,7968,101,86,-28,144.76,0.14,-2.05,1
42,1768267369,270,-12,8038,100,94,-27,144.76,0.12,-2.04,1
43,1768267369,268,-4,8018,101,81,-27,144.76,0.11,-2.04,1
44,1768267369,252,14,8012,100,84,-29,144.76,0.13,-2.01,1
45,1768267369,298,-38,7960,100,80,-28,144.76,0.08,-2.06,1
46,1768267369,234,-8,7988,105,79,-22,144.76,0.07,-2.0,1
47,1768267369,292,-36,7996,96,77,-24,144.76,0.03,-2.03,1
48,1768267369,210,0,8008,102,81,-23,144.76,0.05,-1.95,1
49,1768267369,288,-12,8026,99,81,-27,144.76,0.04,-1.99,1
50,1768267369,250,12,7990,102,84,-27,144.76,0.08,-1.97,1
51,1768267369,284,-24,7952,96,82,-22,144.76,0.05,-2.0,1
52,1768267369,256,30,8012,103,84,-24,144.76,0.11,-1.99,1
53,1768267369,284,-16,7982,95,81,-24,134.85,0.08,-2.02,1
54,1768267369,272,-2,7982,103,84,-29,134.85,0.09,-2.02,1
55,1768267369,272,-54,8024,98,76,-26,134.85,0.02,-2.02,1
56,1768267369,240,14,8036,99,84,-24,134.85,0.06,-1.98,1
57,1768267369,292,-22,8038,99,82,-28,134.85,0.04,-2.02,1
58,1768267369,258,-16,7972,102,76,-25,134.85,0.03,-2.0,1
59,1768267369,252,-4,8020,100,77,-25,134.85,0.04,-1.98,1
60,1768267369,276,14,8046,100,82,-24,134.85,0.08,-2.0,1
61,1768267369,286,10,8030,96,86,-28,134.85,0.1,-2.03,1
62,1768267369,296,8,8044,94,75,-29,134.85,0.11,-2.06,1
63,1768267369,276,-14,8006,95,80,-24,134.85,0.09,-2.06,1
64,1768267369,294,-4,7998,101,75,-30,134.85,0.09,-2.09,1
65,1768267369,250,2,8004,101,78,-23,134.85,0.1,-2.05,1
66,1768267369,306,-56,7982,101,76,-28,134.85,0.02,-2.09,1
67,1768267369,268,-14,7956,105,86,-33,134.85,0.02,-2.08,1
68,1768267369,292,-12,7990,95,78,-27,134.85,0.02,-2.1,1
69,1768267369,282,-6,7986,104,88,-27,134.85,0.03,-2.11,1
70,1768267369,288,-16,7992,96,78,-24,134.85,0.03,-2.12,1
71,1768267370,258,0,7988,96,73,-29,134.85,0.04,-2.08,1
72,1768267370,274,-62,7970,92,77,-27,134.85,-0.02,-2.07,1
73,1768267370,284,16,7990,99,84,-22,134.85,0.02,-2.09,1
74,1768267370,248,-36,7936,103,78,-26,134.85,0.0,-2.05,1
75,1768267370,250,-32,7998,101,82,-26,134.85,-0.02,-2.01,1
76,1768267370,240,-26,8000,100,79,-24,134.85,-0.03,-1.97,1
77,1768267370,276,-16,7960,100,82,-27,134.85,-0.02,-1.99,1
78,1768267370,312,-2,7980,103,82,-26,137.59,0.0,-2.06,1
79,1768267370,276,-4,7986,98,79,-24,137.59,0.01,-2.06,1
80,1768267370,288,16,7978,99,86,-26,137.59,0.06,-2.08,1
81,1768267370,304,-30,7914,97,79,-25,137.59,0.03,-2.13,1
82,1768267370,276,14,8004,104,83,-27,137.59,0.06,-2.12,1
83,1768267370,278,-18,7990,101,76,-24,137.59,0.05,-2.11,1
84,1768267370,246,20,7988,102,81,-24,137.59,0.09,-2.06,1
85,1768267370,328,-28,7986,97,73,-27,137.59,0.06,-2.13,1
86,1768267370,298,12,7988,105,85,-24,137.59,0.09,-2.15,1
87,1768267370,296,-30,7952,94,76,-23,137.59,0.05,-2.17,1
88,1768267370,278,4,7968,105,84,-28,137.59,0.07,-2.15,1
89,1768267370,308,-2,7978,101,81,-25,137.59,0.08,-2.18,1
90,1768267370,284,8,8028,102,89,-29,137.59,0.1,-2.17,1
91,1768267370,272,-78,7970,102,83,-24,137.59,0.0,-2.15,1
92,1768267370,266,14,7978,104,76,-24,137.59,0.04,-2.12,1
93,1768267370,290,-8,7998,100,84,-29,137.59,0.04,-2.13,1
94,1768267370,274,-4,8020,102,81,-28,137.59,0.05,-2.11,1
95,1768267370,274,0,8032,98,85,-30,137.59,0.06,-2.1,1
96,1768267370,250,12,7946,97,81,-30,137.59,0.09,-2.06,1
97,1768267370,304,-42,7986,103,76,-29,137.59,0.04,-2.1,1
98,1768267370,270,-16,7960,99,77,-29,137.59,0.03,-2.09,1
99,1768267370,274,-4,8016,99,83,-30,137.59,0.04,-2.08,1
100,1768267370,302,-8,8026,104,78,-24,137.59,0.05,-2.11,1
101,1768267370,276,16,7982,104,84,-23,137.59,0.08,-2.11,1
102,1768267370,288,-16,7982,106,78,-26,137.59,0.07,-2.12,1
103,1768267370,242,2,8038,101,81,-25,128.51,0.08,-2.06,1
104,1768267370,306,-38,8020,100,81,-28,128.51,0.03,-2.1,1
105,1768267370,280,4,8020,101,82,-25,128.51,0.06,-2.1,1
106,1768267370,274,-20,7976,96,82,-27,128.51,0.04,-2.09,1
107,1768267370,258,8,8012,99,85,-26,128.51,0.07,-2.06,1
108,1768267370,276,-52,8036,97,83,-28,128.51,0.0,-2.06,1
109,1768267370,244,-8,8026,102,80,-30,128.51,0.01,-2.02,1
110,1768267370,288,-52,7986,95,76,-27,128.51,-0.03,-2.04,1
111,1768267370,282,14,8002,98,80,-22,128.51,0.01,-2.06,1
112,1768267370,282,-30,7986,100,85,-24,128.51,0.0,-2.07,1
113,1768267370,286,14,8042,98,88,-26,128.51,0.03,-2.08,1
114,1768267370,286,-22,8010,99,84,-22,128.51,0.02,-2.1,1
115,1768267370,276,-16,7972,101,77,-21,128.51,0.02,-2.09,1
116,1768267370,286,-36,8022,97,82,-26,128.51,-0.01,-2.1,1
117,1768267370,282,-10,7964,103,82,-28,128.51,0.0,-2.1,1
118,1768267370,270,10,8018,100,84,-25,128.51,0.04,-2.09,1
119,1768267370,264,2,7982,98,77,-20,128.51,0.05,-2.07,1
120,1768267370,256,0,7966,100,83,-28,128.51,0.07,-2.04,1
121,1768267371,282,-26,7980,100,79,-25,128.51,0.04,-2.06,1
122,1768267371,278,12,7988,95,81,-30,128.51,0.07,-2.06,1
123,1768267371,254,-28,7972,96,81,-25,128.51,0.04,-2.03,1
124,1768267371,300,42,8040,103,77,-21,128.51,0.12,-2.07,1
125,1768267371,322,48,7980,101,80,-19,128.51,0.18,-2.14,1
126,1768267371,316,-36,7922,100,74,-20,128.51,0.12,-2.18,1
127,1768267371,76,-126,8218,98,81,-27,128.51,-0.05,-1.87,1
128,1768267371,424,-70,7912,97,81,-37,143.04,-0.11,-2.13,1
129,1768267371,430,-36,7964,100,75,-28,143.04,-0.12,-2.34,1
130,1768267371,168,10,8038,104,82,-22,143.04,-0.05,-2.13,1
131,1768267371,286,2,7980,96,79,-23,143.04,-0.02,-2.13,1
132,1768267371,292,30,7964,104,82,-26,143.04,0.05,-2.15,1
133,1768267371,278,28,7988,98,78,-29,143.04,0.1,-2.13,1
134,1768267371,254,104,7996,102,83,-32,143.04,0.25,-2.09,1
135,1768267371,208,4,7982,101,80,-28,143.04,0.23,-1.99,1
136,1768267371,270,-94,8012,99,84,-20,143.04,0.07,-2.0,1
137,1768267371,268,-82,8034,99,85,-32,143.04,-0.02,-2.0,1
138,1768267371,292,-40,7992,97,82,-32,143.04,-0.05,-2.04,1
139,1768267371,276,16,7926,97,77,-34,143.04,0.0,-2.05,1
140,1768267371,292,-16,7964,96,79,-19,143.04,0.0,-2.08,1
141,1768267371,240,14,8030,102,82,-21,143.04,0.04,-2.02,1
142,1768267371,246,28,7984,99,77,-23,143.04,0.1,-1.99,1
143,1768267371,238,64,8032,102,85,-27,143.04,0.19,-1.95,1
144,1768267371,310,-24,7980,98,79,-26,143.04,0.14,-2.02,1
145,1768267371,262,-18,7974,104,83,-23,143.04,0.11,-2.01,1
146,1768267371,288,-72,7992,95,78,-22,143.04,0.01,-2.04,1
147,1768267371,300,-14,8000,103,87,-30,143.04,0.01,-2.08,1
148,1768267371,270,-18,8038,95,81,-25,143.04,0.01,-2.07,1
149,1768267371,244,10,7982,104,82,-23,143.04,0.04,-2.03,1
150,1768267371,310,-16,8010,101,81,-24,143.04,0.04,-2.08,1
151,1768267371,258,36,8048,98,81,-23,143.04,0.1,-2.05,1
152,1768267371,282,28,8002,96,80,-32,143.04,0.14,-2.06,1
153,1768267371,276,28,8018,97,83,-30,137.84,0.18,-2.06,1
154,1768267371,288,-68,7996,96,79,-27,137.84,0.07,-2.08,1
155,1768267371,276,-52,8012,99,79,-27,137.84,0.0,-2.08,1
156,1768267371,220,-36,8002,98,88,-27,137.84,-0.02,-2.0,1
157,1768267371,254,-14,7998,98,76,-29,137.84,-0.01,-1.98,1
158,1768267371,284,24,7978,101,82,-23,137.84,0.04,-2.01,1
159,1768267371,294,48,7994,100,76,-26,137.84,0.13,-2.05,1
160,1768267371,268,36,7974,98,81,-24,137.84,0.18,-2.04,1
161,1768267371,290,26,7986,98,81,-28,137.84,0.2,-2.07,1
162,1768267371,296,-36,8018,104,80,-28,137.84,0.13,-2.1,1
163,1768267371,292,-56,8022,97,80,-29,137.84,0.05,-2.11,1
164,1768267371,234,-44,8072,99,82,-21,137.84,0.0,-2.04,1
165,1768267371,284,-46,7948,96,76,-26,137.84,-0.03,-2.06,1
166,1768267371,262,-28,8102,106,79,-32,137.84,-0.04,-2.04,1
167,1768267371,272,6,7992,98,79,-29,137.84,0.0,-2.04,1
168,1768267371,288,16,8034,102,83,-29,137.84,0.04,-2.06,1
169,1768267371,314,-20,7974,97,76,-19,137.84,0.03,-2.12,1
170,1768267371,256,0,7920,104,83,-27,137.84,0.05,-2.08,1
171,1768267372,264,-20,7998,97,79,-28,137.84,0.03,-2.06,1
172,1768267372,250,22,7952,101,83,-30,137.84,0.08,-2.03,1
173,1768267372,308,-20,7994,98,77,-27,137.84,0.06,-2.08,1
174,1768267372,286,-36,7986,100,81,-26,137.84,0.02,-2.1,1
175,1768267372,296,-26,8012,93,81,-25,137.84,0.0,-2.12,1
176,1768267372,290,28,8024,102,78,-24,137.84,0.06,-2.13,1
177,1768267372,248,6,8040,96,85,-26,137.84,0.08,-2.07,1
178,1768267372,272,-18,8006,100,75,-27,141.96,0.06,-2.07,1
179,1768267372,288,-26,8002,102,87,-24,141.96,0.04,-2.09,1
180,1768267372,260,-60,8010,96,80,-27,141.96,-0.02,-2.06,1
181,1768267372,266,0,8008,99,88,-31,141.96,0.0,-2.05,1
182,1768267372,264,-22,8040,95,78,-28,141.96,0.0,-2.03,1
183,1768267372,244,-2,8004,97,82,-26,141.96,0.01,-1.99,1
184,1768267372,308,-2,8000,99,76,-26,141.96,0.03,-2.05,1
185,1768267372,276,12,7976,100,81,-19,141.96,0.06,-2.06,1
186,1768267372,264,14,7980,95,80,-30,141.96,0.09,-2.04,1
187,1768267372,260,34,7958,103,83,-27,141.96,0.15,-2.03,1
188,1768267372,314,-16,8002,93,82,-21,141.96,0.12,-2.09,1
189,1768267372,270,-26,7994,99,83,-23,141.96,0.08,-2.08,1
190,1768267372,322,-26,7972,99,84,-29,141.96,0.05,-2.15,1
191,1768267372,252,-4,8012,95,83,-30,141.96,0.06,-2.1,1
192,1768267372,250,-42,8034,99,81,-23,141.96,0.01,-2.05,1
193,1768267372,306,-34,7988,105,84,-21,141.96,-0.01,-2.1,1
194,1768267372,284,6,7982,97,79,-25,141.96,0.02,-2.11,1
195,1768267372,320,18,8008,106,71,-27,141.96,0.06,-2.16,1
196,1768267372,266,-18,8040,94,80,-21,141.96,0.05,-2.12,1
197,1768267372,296,-4,8008,98,81,-25,141.96,0.06,-2.14,1
198,1768267372,266,24,8010,105,83,-25,141.96,0.1,-2.11,1
199,1768267372,304,0,7956,97,80,-26,141.96,0.11,-2.15,1
200,1768267372,246,58,8000,101,84,-31,141.96,0.19,-2.09,1
201,1768267372,282,-48,7992,100,82,-28,141.96,0.11,-2.09,1
202,1768267372,268,-44,7978,103,89,-26,141.96,0.05,-2.08,1
203,1768267372,290,-78,8020,99,79,-24,139.61,-0.04,-2.1,1
204,1768267372,294,-16,7994,102,84,-25,139.61,-0.03,-2.12,1
205,1768267372,300,-30,8042,97,76,-25,139.61,-0.04,-2.14,1
206,1768267372,264,30,7946,104,87,-24,139.61,0.03,-2.11,1
207,1768267372,286,-8,7998,105,80,-28,139.61,0.03,-2.12,1
208,1768267372,246,18,7968,104,84,-27,139.61,0.08,-2.07,1
209,1768267372,262,-26,7978,96,79,-30,139.61,0.05,-2.05,1
210,1768267372,282,-28,7936,106,79,-28,139.61,0.02,-2.06,1
211,1768267372,264,2,7990,96,83,-24,139.61,0.04,-2.05,1
212,1768267372,264,2,8016,103,81,-24,139.61,0.06,-2.04,1
213,1768267372,276,-36,8008,102,81,-30,139.61,0.02,-2.04,1
214,1768267372,284,24,8004,97,81,-29,139.61,0.07,-2.06,1
215,1768267372,298,6,8010,99,81,-28,139.61,0.09,-2.09,1
216,1768267372,300,8,8014,98,79,-28,139.61,0.11,-2.12,1
217,1768267372,268,6,8042,103,79,-27,139.61,0.12,-2.1,1
218,1768267372,306,-12,7980,95,75,-27,139.61,0.1,-2.13,1
219,1768267372,288,20,8004,98,78,-29,139.61,0.13,-2.14,1
220,1768267372,284,-30,8000,98,80,-23,139.61,0.09,-2.13,1
221,1768267373,264,2,8024,100,84,-28,139.61,0.09,-2.1,1
222,1768267373,252,-76,8012,98,82,-24,139.61,0.0,-2.06,1
223,1768267373,280,0,7992,104,79,-24,139.61,0.02,-2.07,1
224,1768267373,290,0,7954,105,75,-30,139.61,0.04,-2.09,1
225,1768267373,256,24,8006,102,78,-25,139.61,0.09,-2.06,1
226,1768267373,308,-26,8014,103,82,-26,139.61,0.06,-2.1,1
227,1768267373,258,6,7990,100,83,-31,139.61,0.08,-2.07,1
228,1768267373,252,-6,7914,101,77,-28,134.03,0.08,-2.04,1
229,1768267373,286,12,8052,105,79,-25,134.03,0.1,-2.06,1
230,1768267373,260,-58,8008,99,81,-27,134.03,0.02,-2.04,1
231,1768267373,266,-14,8038,99,82,-25,134.03,0.02,-2.03,1
232,1768267373,276,-2,7994,99,87,-26,134.03,0.04,-2.04,1
233,1768267373,318,42,8000,104,86,-27,134.03,0.11,-2.11,1
234,1768267373,240,8,8002,106,78,-24,134.03,0.13,-2.05,1
235,1768267373,254,-28,7976,100,83,-28,134.03,0.09,-2.02,1
236,1768267373,270,-36,8004,103,80,-31,134.03,0.04,-2.02,1
237,1768267373,286,-60,7958,100,81,-22,134.03,-0.02,-2.05,1
238,1768267373,290,-54,7988,101,77,-20,134.03,-0.07,-2.07,1
239,1768267373,308,-10,7960,98,77,-32,134.03,-0.04,-2.12,1
240,1768267373,268,8,8016,107,85,-32,134.03,0.0,-2.1,1
241,1768267373,270,20,7996,98,83,-31,134.03,0.05,-2.08,1
242,1768267373,232,26,7976,103,86,-26,134.03,0.1,-2.02,1
243,1768267373,294,2,8018,100,78,-26,134.03,0.11,-2.05,1
244,1768267373,272,26,7982,97,82,-26,134.03,0.14,-2.05,1
245,1768267373,296,-18,7994,96,82,-26,134.03,0.11,-2.09,1
246,1768267373,286,4,7982,102,82,-29,134.03,0.12,-2.1,1
247,1768267373,280,-64,8036,96,79,-25,134.03,0.03,-2.1,1
248,1768267373,264,-16,7990,99,84,-27,134.03,0.02,-2.07,1
249,1768267373,264,-22,8030,99,79,-23,134.03,0.01,-2.05,1
250,1768267373,342,48,8000,100,81,-28,134.03,0.1,-2.15,1
251,1768267373,214,2,8042,97,88,-26,134.03,0.11,-2.05,1
252,1768267373,284,44,8034,100,83,-30,134.03,0.17,-2.06,1
253,1768267373,264,2,8004,98,85,-24,143.75,0.16,-2.05,1
254,1768267373,276,-24,7966,101,77,-30,143.75,0.12,-2.05,1
255,1768267373,246,4,7994,99,76,-20,143.75,0.12,-2.01,1
256,1768267373,280,-28,8010,100,80,-27,143.75,0.08,-2.03,1
257,1768267373,250,-18,8062,98,76,-24,143.75,0.06,-2.0,1
258,1768267373,314,-2,8012,102,81,-20,143.75,0.07,-2.06,1
259,1768267373,292,24,8000,93,85,-21,143.75,0.11,-2.09,1
260,1768267373,278,-50,7980,98,74,-21,143.75,0.04,-2.09,1
261,1768267373,212,-38,7956,103,79,-24,143.75,0.0,-1.99,1
262,1768267373,442,-32,7840,96,79,-23,143.75,-0.01,-2.26,1
263,1768267373,226,-18,7900,102,84,-28,143.75,-0.01,-2.15,1
264,1768267373,162,-64,7968,98,78,-22,143.75,-0.07,-1.97,1
265,1768267373,242,-40,7986,99,84,-26,143.75,-0.09,-1.95,1
266,1768267373,234,-20,8008,96,82,-29,143.75,-0.08,-1.91,1
267,1768267373,268,18,7958,102,79,-26,143.75,-0.01,-1.93,1
268,1768267373,348,4,8016,92,81,-27,143.75,0.01,-2.06,1
269,1768267373,270,20,8032,102,79,-26,143.75,0.06,-2.05,1
270,1768267373,304,-2,8038,105,81,-24,143.75,0.07,-2.09,1
271,1768267374,248,-4,8010,102,81,-24,143.75,0.07,-2.05,1
272,1768267374,250,-14,7978,103,80,-27,143.75,0.06,-2.02,1
273,1768267374,300,-2,8002,95,75,-20,143.75,0.07,-2.06,1
274,1768267374,296,8,8026,101,79,-21,143.75,0.09,-2.09,1
275,1768267374,328,-16,7980,96,85,-24,143.75,0.07,-2.16,1
276,1768267374,314,-6,8002,102,86,-16,143.75,0.07,-2.2,1
277,1768267374,270,-52,8016,103,87,-21,143.75,0.01,-2.16,1
278,1768267374,248,38,8004,111,89,-17,130.53,0.09,-2.11,1
279,1768267374,218,-22,7982,99,81,-20,130.53,0.06,-2.02,1
281,1768267374,196,6,8040,105,82,-23,130.53,0.08,-1.91,1
281,1768267374,268,-12,7986,98,78,-31,130.53,0.07,-1.93,1
282,1768267374,302,-22,7942,102,80,-27,130.53,0.05,-2.0,1
283,1768267374,324,-10,7996,98,84,-30,130.53,0.05,-2.08,1
284,1768267374,272,8,7976,96,79,-35,130.53,0.07,-2.08,1
285,1768267374,248,-10,7972,101,79,-29,130.53,0.07,-2.04,1
286,1768267374,310,-12,7986,98,81,-26,130.53,0.06,-2.09,1
287,1768267374,286,-18,8006,99,85,-28,130.53,0.05,-2.1,1
288,1768267374,298,2,7974,95,76,-24,130.53,0.06,-2.13,1
289,1768267374,236,-32,8044,105,81,-26,130.53,0.03,-2.06,1
290,1768267374,248,-18,7976,96,76,-32,130.53,0.02,-2.02,1
291,1768267374,258,22,8002,102,81,-32,130.53,0.07,-2.0,1
292,1768267374,304,-14,8042,98,80,-27,130.53,0.06,-2.05,1
293,1768267374,288,-6,8040,103,84,-26,130.53,0.06,-2.07,1
294,1768267374,296,-42,8040,102,79,-24,130.53,0.01,-2.1,1
295,1768267374,280,24,7984,103,80,-28,130.53,0.07,-2.1,1
296,1768267374,250,-16,7946,100,83,-25,130.53,0.06,-2.06,1
297,1768267374,256,-48,7976,104,84,-31,130.53,0.0,-2.03,1
298,1768267374,234,-14,8038,103,78,-27,130.53,0.0,-1.98,1
299,1768267374,294,-2,7976,101,79,-34,130.53,0.02,-2.02,1
300,1768267374,294,18,8074,103,79,-27,130.53,0.07,-2.05,1
301,1768267374,302,-16,7976,99,80,-25,130.53,0.06,-2.1,1
302,1768267374,268,-8,7982,102,85,-31,130.53,0.06,-2.08,1
303,1768267374,248,-24,8026,104,87,-35,139.7,0.04,-2.04,1
304,1768267374,260,-12,8016,99,84,-29,139.7,0.03,-2.02,1
305,1768267374,288,-30,8028,97,81,-23,139.7,0.01,-2.05,1
306,1768267374,416,-14,7890,102,83,-25,139.7,0.01,-2.26,1
307,1768267374,130,-78,8044,101,80,-23,139.7,-0.07,-2.01,1
308,1768267374,380,38,7938,98,79,-27,139.7,0.01,-2.18,1
309,1768267374,298,-24,7940,101,79,-29,139.7,0.0,-2.19,1
310,1768267374,278,10,8070,96,79,-25,139.7,0.04,-2.16,1
311,1768267374,266,54,8040,102,79,-31,139.7,0.13,-2.13,1
312,1768267374,288,32,8018,101,83,-24,139.7,0.17,-2.13,1
313,1768267374,294,-26,7932,103,79,-28,139.7,0.13,-2.15,1
314,1768267374,312,-50,7964,98,83,-35,139.7,0.05,-2.19,1
315,1768267374,324,-26,8018,95,84,-27,139.7,0.03,-2.23,1
316,1768267374,262,20,8026,105,84,-25,139.7,0.07,-2.18,1
317,1768267374,248,-18,8070,99,79,-27,139.7,0.06,-2.11,1
318,1768267374,258,26,8002,108,84,-26,139.7,0.11,-2.08,1
319,1768267374,290,-24,7968,100,78,-27,139.7,0.08,-2.1,1
320,1768267374,308,78,7934,103,80,-28,139.7,0.2,-2.14,1
321,1768267375,286,-42,7992,99,81,-25,139.7,0.12,-2.14,1
322,1768267375,314,26,8034,101,81,-21,139.7,0.16,-2.18,1
323,1768267375,254,-40,8052,100,89,-23,139.7,0.09,-2.13,1
324,1768267375,278,-10,7998,99,76,-25,139.7,0.08,-2.12,1
325,1768267375,280,42,7984,101,84,-27,139.7,0.15,-2.11,1
326,1768267375,290,-16,7966,96,83,-24,139.7,0.12,-2.13,1
327,1768267375,290,34,8008,105,84,-22,139.7,0.17,-2.14,1
328,1768267375,278,-36,8010,103,79,-24,138.86,0.11,-2.13,1
329,1768267375,276,20,7988,104,77,-25,138.86,0.14,-2.11,1
330,1768267375,268,-22,7992,97,80,-24,138.86,0.1,-2.09,1
331,1768267375,288,-12,8006,95,77,-31,138.86,0.09,-2.1,1
332,1768267375,262,-28,8032,99,78,-28,138.86,0.05,-2.08,1
333,1768267375,322,-26,7984,102,76,-30,138.86,0.03,-2.14,1
334,1768267375,252,2,8000,104,84,-32,138.86,0.05,-2.09,1
335,1768267375,282,-12,7996,101,84,-32,138.86,0.05,-2.1,1
336,1768267375,286,-8,8002,103,80,-29,138.86,0.05,-2.11,1
337,1768267375,288,-12,7992,101,80,-30,138.86,0.05,-2.12,1
338,1768267375,270,16,7986,95,76,-27,138.86,0.08,-2.1,1
339,1768267375,256,-6,7998,102,79,-26,138.86,0.08,-2.06,1
340,1768267375,286,-4,8032,100,76,-27,138.86,0.08,-2.08,1
341,1768267375,312,-16,8016,101,82,-24,138.86,0.07,-2.13,1
342,1768267375,252,-36,7984,100,80,-33,138.86,0.03,-2.08,1
343,1768267375,314,-38,7970,98,79,-29,138.86,0.0,-2.13,1
344,1768267375,266,12,8028,104,83,-23,138.86,0.03,-2.11,1
345,1768267375,294,-20,7934,100,80,-26,138.86,0.02,-2.13,1
346,1768267375,254,-2,7940,104,82,-26,138.86,0.04,-2.09,1
347,1768267375,292,-20,8018,99,79,-28,138.86,0.02,-2.11,1
348,1768267375,298,2,7976,96,74,-26,138.86,0.05,-2.13,1
349,1768267375,264,0,8052,101,82,-27,138.86,0.06,-2.1,1
350,1768267375,278,-28,7978,97,78,-25,138.86,0.03,-2.1,1
351,1768267375,238,8,8002,100,86,-23,138.86,0.06,-2.04,1
352,1768267375,236,-30,7958,98,79,-26,138.86,0.03,-1.99,1
353,1768267375,304,-16,7968,103,82,-25,133.87,0.02,-2.05,1
354,1768267375,296,48,7986,97,82,-26,133.87,0.11,-2.08,1
355,1768267375,252,-12,8018,102,78,-28,133.87,0.09,-2.04,1
356,1768267375,284,22,7980,100,82,-26,133.87,0.13,-2.06,1
357,1768267375,286,-38,7966,97,77,-25,133.87,0.07,-2.08,1
358,1768267375,246,-12,7990,99,80,-26,133.87,0.06,-2.03,1
359,1768267375,268,2,8012,99,78,-25,133.87,0.08,-2.03,1
360,1768267375,272,-20,8062,98,81,-28,133.87,0.06,-2.03,1
361,1768267375,268,-22,7982,103,86,-27,133.87,0.04,-2.03,1
362,1768267375,292,-8,7998,100,80,-27,133.87,0.04,-2.06,1
363,1768267375,310,22,7976,104,84,-28,133.87,0.09,-2.11,1
364,1768267375,304,-36,8016,101,81,-25,133.87,0.04,-2.14,1
365,1768267375,250,-24,8030,99,77,-23,133.87,0.02,-2.09,1
366,1768267375,286,-8,7986,100,82,-29,133.87,0.03,-2.1,1
367,1768267375,290,-54,7996,101,79,-27,133.87,-0.02,-2.11,1
368,1768267375,262,18,8004,104,78,-27,133.87,0.03,-2.08,1
369,1768267375,242,10,8020,99,83,-24,133.87,0.06,-2.03,1
370,1768267375,292,-12,8036,100,75,-30,133.87,0.05,-2.06,1
371,1768267376,238,32,8014,101,75,-22,133.87,0.11,-2.0,1
372,1768267376,280,-18,7992,91,78,-24,133.87,0.09,-2.02,1
373,1768267376,270,-6,7954,104,82,-26,133.87,0.08,-2.03,1
374,1768267376,252,-18,7984,99,78,-26,133.87,0.06,-2.0,1
375,1768267376,284,-24,8010,101,87,-26,133.87,0.04,-2.03,1
376,1768267376,300,-22,8012,102,82,-27,133.87,0.03,-2.07,1
377,1768267376,298,-8,7984,99,83,-27,133.87,0.03,-2.1,1
378,1768267376,262,48,8024,101,80,-22,141.79,0.12,-2.07,1
379,1768267376,296,12,8006,95,83,-23,141.79,0.13,-2.1,1
380,1768267376,302,2,8014,102,82,-28,141.79,0.13,-2.13,1
381,1768267376,268,18,7970,103,83,-30,141.79,0.16,-2.11,1
382,1768267376,276,-24,7992,98,83,-27,141.79,0.11,-2.1,1
383,1768267376,252,4,8056,106,82,-25,141.79,0.12,-2.06,1
384,1768267376,270,-46,7984,96,83,-27,141.79,0.05,-2.05,1
385,1768267376,284,10,7996,98,83,-26,141.79,0.08,-2.07,1
386,1768267376,280,6,7998,101,81,-26,141.79,0.1,-2.08,1
387,1768267376,320,-50,7982,101,79,-33,141.79,0.03,-2.14,1
388,1768267376,300,-20,7962,102,79,-25,141.79,0.02,-2.16,1
389,1768267376,244,8,8006,101,85,-28,141.79,0.05,-2.1,1
390,1768267376,252,-10,7986,100,79,-24,141.79,0.05,-2.06,1
391,1768267376,234,-2,7996,101,79,-27,141.79,0.06,-2.0,1
392,1768267376,284,-44,7982,95,82,-26,141.79,0.01,-2.03,1
393,1768267376,316,-28,8046,100,85,-26,141.79,0.0,-2.09,1
394,1768267376,270,16,7996,104,82,-27,141.79,0.04,-2.08,1
395,1768267376,250,-24,8064,100,76,-27,141.79,0.02,-2.04,1
396,1768267376,264,0,8000,99,84,-29,141.79,0.04,-2.03,1
397,1768267376,244,-48,8020,100,88,-29,141.79,0.0,-1.99,1
398,1768267376,336,-10,7980,101,80,-26,141.79,0.0,-2.09,1
399,1768267376,276,16,7996,102,85,-22,141.79,0.05,-2.09,1
400,1768267376,314,4,8038,95,84,-21,141.79,0.06,-2.14,1
401,1768267376,258,-12,7978,101,79,-27,141.79,0.06,-2.1,1
402,1768267376,268,-8,7978,106,82,-31,141.79,0.06,-2.08,1
403,1768267376,234,-54,8024,100,75,-28,142.55,0.0,-2.02,1
404,1768267376,282,-20,8024,104,82,-26,142.55,0.0,-2.04,1
405,1768267376,268,-14,7986,98,77,-29,142.55,0.0,-2.03,1
406,1768267376,296,-26,8026,98,79,-30,142.55,-0.01,-2.07,1
407,1768267376,240,-2,8004,99,84,-29,142.55,0.01,-2.02,1
408,1768267376,252,-6,7986,98,82,-26,142.55,0.02,-1.99,1
409,1768267376,260,6,7950,100,81,-27,142.55,0.05,-1.99,1
410,1768267376,250,-10,8000,100,80,-29,142.55,0.05,-1.97,1
411,1768267376,280,-30,8066,104,79,-26,142.55,0.02,-1.99,1
412,1768267376,288,-14,7988,102,75,-28,142.55,0.02,-2.02,1
413,1768267376,260,-40,8008,107,85,-27,142.55,-0.01,-2.01,1
414,1768267376,308,-30,8000,100,75,-24,142.55,-0.02,-2.07,1
415,1768267376,272,26,8034,101,88,-26,142.55,0.03,-2.06,1
416,1768267376,282,-24,8002,98,88,-26,142.55,0.02,-2.07,1
417,1768267376,276,12,7978,96,79,-27,142.55,0.05,-2.07,1
418,1768267376,258,6,8004,106,89,-25,142.55,0.08,-2.05,1
419,1768267376,314,14,8032,99,78,-27,142.55,0.1,-2.1,1
420,1768267376,278,-8,8032,101,74,-26,142.55,0.1,-2.1,1
421,1768267377,250,20,8018,103,86,-27,142.55,0.13,-2.05,1
422,1768267377,274,-16,7958,96,78,-26,142.55,0.1,-2.06,1
423,1768267377,284,12,7950,101,81,-29,142.55,0.12,-2.07,1
424,1768267377,234,-8,8002,99,84,-26,142.55,0.11,-2.01,1
425,1768267377,322,-20,8024,100,83,-28,142.55,0.08,-2.09,1
426,1768267377,270,14,7988,106,78,-25,142.55,0.11,-2.08,1
427,1768267377,282,-26,8040,100,83,-25,142.55,0.08,-2.08,1
428,1768267377,256,12,7982,96,80,-23,143.72,0.1,-2.05,1
429,1768267377,274,-2,7994,102,80,-26,143.72,0.1,-2.05,1
430,1768267377,254,-32,7986,99,82,-29,143.72,0.06,-2.03,1
431,1768267377,266,-12,8020,102,81,-28,143.72,0.05,-2.02,1
432,1768267377,278,-30,7988,107,86,-25,143.72,0.02,-2.03,1
433,1768267377,282,-12,7968,101,82,-25,143.72,0.03,-2.05,1
434,1768267377,290,-28,8016,100,77,-24,143.72,0.0,-2.07,1
435,1768267377,272,-14,8026,97,79,-27,143.72,0.01,-2.07,1
436,1768267377,296,-8,7984,93,78,-28,143.72,0.02,-2.09,1
437,1768267377,294,-26,7982,98,79,-24,143.72,0.0,-2.12,1
438,1768267377,248,0,8024,106,82,-25,143.72,0.02,-2.07,1
439,1768267377,284,-18,8000,97,82,-26,143.72,0.02,-2.08,1
440,1768267377,282,10,7966,103,83,-26,143.72,0.05,-2.09,1
441,1768267377,240,36,8036,101,89,-26,143.72,0.12,-2.03,1
442,1768267377,286,16,7994,95,81,-24,143.72,0.14,-2.05,1
443,1768267377,222,-16,7986,102,86,-24,143.72,0.11,-1.98,1
444,1768267377,244,-10,7976,101,84,-24,143.72,0.1,-1.96,1
445,1768267377,302,-20,8010,99,82,-29,143.72,0.07,-2.02,1
446,1768267377,288,20,8022,107,78,-22,143.72,0.11,-2.04,1
447,1768267377,292,-18,8018,97,85,-27,143.72,0.09,-2.07,1
448,1768267377,284,-12,8010,100,79,-24,143.72,0.08,-2.08,1
449,1768267377,272,4,7952,101,86,-27,143.72,0.09,-2.08,1
450,1768267377,262,20,7932,102,84,-22,143.72,0.12,-2.06,1
451,1768267377,294,6,8030,100,80,-27,143.72,0.13,-2.09,1
452,1768267377,266,-10,8048,107,86,-22,143.72,0.12,-2.07,1
453,1768267377,268,-22,7968,99,79,-19,137.89,0.08,-2.06,1
454,1768267377,318,-52,7964,101,84,-24,137.89,0.02,-2.12,1
455,1768267377,290,2,7984,101,86,-23,137.89,0.04,-2.13,1
456,1768267377,298,-2,7998,100,85,-22,137.89,0.05,-2.15,1
457,1768267377,296,-14,7994,97,83,-22,137.89,0.04,-2.17,1
458,1768267377,266,-12,7990,101,86,-24,137.89,0.04,-2.13,1
459,1768267377,274,-6,7998,102,82,-25,137.89,0.05,-2.12,1
460,1768267377,274,-24,7978,103,81,-25,137.89,0.03,-2.11,1
461,1768267377,270,16,7968,102,81,-26,137.89,0.07,-2.09,1
462,1768267377,290,-12,7996,104,83,-25,137.89,0.06,-2.11,1
463,1768267377,296,-44,7998,95,80,-26,137.89,0.01,-2.13,1
464,1768267377,274,26,8002,103,84,-26,137.89,0.07,-2.12,1
465,1768267377,288,-22,8008,100,83,-25,137.89,0.05,-2.12,1
466,1768267377,276,-16,8036,99,79,-23,137.89,0.04,-2.11,1
467,1768267377,286,44,8022,104,85,-25,137.89,0.12,-2.12,1
468,1768267377,266,-38,8000,96,86,-24,137.89,0.06,-2.09,1
469,1768267377,304,14,7976,101,78,-23,137.89,0.09,-2.13,1
470,1768267377,288,-14,8046,103,85,-24,137.89,0.08,-2.13,1
471,1768267378,324,-18,8002,99,78,-27,137.89,0.06,-2.19,1
472,1768267378,270,-6,8022,104,79,-30,137.89,0.06,-2.15,1
473,1768267378,308,-8,8002,104,83,-27,137.89,0.06,-2.18,1
474,1768267378,294,-30,7940,97,87,-23,137.89,0.03,-2.19,1
475,1768267378,292,-4,8032,99,81,-23,137.89,0.04,-2.19,1
476,1768267378,258,8,7986,99,86,-27,137.89,0.07,-2.14,1
477,1768267378,288,12,8054,101,85,-23,137.89,0.1,-2.14,1
478,1768267378,280,-24,8042,100,82,-20,142.42,0.07,-2.13,1
479,1768267378,250,4,7930,99,79,-24,142.42,0.08,-2.08,1
480,1768267378,296,-36,7934,103,84,-28,142.42,0.04,-2.11,1
481,1768267378,284,0,8076,95,85,-25,142.42,0.05,-2.11,1
482,1768267378,282,20,7974,103,85,-24,142.42,0.09,-2.12,1
483,1768267378,274,-38,8014,101,78,-23,142.42,0.05,-2.1,1
484,1768267378,288,-46,8034,95,81,-25,142.42,0.0,-2.11,1
485,1768267378,268,8,7972,102,80,-26,142.42,0.03,-2.09,1
486,1768267378,302,-18,7984,106,84,-24,142.42,0.02,-2.13,1
487,1768267378,310,-12,8008,100,81,-30,142.42,0.02,-2.16,1
488,1768267378,274,32,7978,106,84,-26,142.42,0.09,-2.14,1
489,1768267378,272,-50,8006,99,84,-24,142.42,0.02,-2.12,1
490,1768267378,248,6,7966,101,85,-23,142.42,0.05,-2.08,1
491,1768267378,296,48,7970,98,87,-28,142.42,0.13,-2.11,1
492,1768267378,272,-34,8046,100,81,-30,142.42,0.08,-2.09,1
493,1768267378,278,-6,7994,101,78,-26,142.42,0.08,-2.09,1
494,1768267378,250,6,7994,100,78,-25,142.42,0.1,-2.05,1
495,1768267378,254,-30,7962,99,78,-30,142.42,0.06,-2.02,1
496,1768267378,300,-2,7972,104,82,-30,142.42,0.07,-2.07,1
497,1768267378,252,-26,7972,101,86,-21,142.42,0.04,-2.04,1
498,1768267378,288,-38,8002,99,76,-26,142.42,0.0,-2.06,1
499,1768267378,266,66,7948,102,77,-29,142.42,0.12,-2.05,1
500,1768267378,294,0,8004,99,82,-23,142.42,0.12,-2.08,1
